cusID,cus_mail
1174,jackson08@example.org
1174,pacocha.marquise@example.com
1308,liza01@example.com
1308,wwiza@example.net
1408,klueilwitz@example.org
1408,skylar.larson@example.com
1678,mlarson@example.net
1678,wuckert.shirley@example.com
1686,jackson88@example.org
1686,kris.jones@example.com
1728,homenick.tristin@example.net
1728,trevor.dooley@example.com
1810,kgutkowski@example.net
1810,stracke.aida@example.com
1820,anika84@example.org
1820,bergnaum.judson@example.net
1905,elaina.hand@example.com
1905,jacklyn14@example.org
2080,feffertz@example.net
2080,xhuel@example.org
2158,cwolff@example.org
2158,lenore.dare@example.com
2266,glabadie@example.com
2266,robbie74@example.org
2300,paris89@example.net
2300,xhomenick@example.net
2407,barrett.cole@example.net
2407,yundt.florence@example.org
2441,mcrooks@example.com
2441,sylvia.botsford@example.com
2463,hilario.lockman@example.org
2463,mills.cathy@example.org
2533,ardith52@example.com
2533,prosacco.christop@example.com
3009,osinski.melisa@example.com
3009,summer.stark@example.com
3109,allan22@example.org
3109,udavis@example.org
3123,cassandre.west@example.net
3123,garfield.steuber@example.com
3146,lindgren.ludwig@example.com
3212,demetrius.gleichner@example.com
3391,block.annie@example.org
3473,prohaska.gaston@example.com
3519,uromaguera@example.net
3525,bstark@example.org
3568,mills.alessandra@example.com
3599,xkrajcik@example.com
3612,homenick.onie@example.net
3631,hayes.kody@example.com
3731,rgorczany@example.com
3872,erik.kuvalis@example.com
3952,mmorissette@example.org
4091,dubuque.patsy@example.net
4307,zemlak.amina@example.net
4422,merlin26@example.net
4504,dschowalter@example.com
4581,alene00@example.org
4680,nrutherford@example.org
4698,rosendo88@example.org
4819,sydni.o'kon@example.org
4821,leonardo19@example.org
5076,kendall.bashirian@example.org
5214,ewest@example.org
5279,gvon@example.org
5407,george47@example.net
5590,rupert04@example.com
5657,merlin.reichel@example.org
5813,pmurazik@example.com
5869,koss.regan@example.org
6002,claire94@example.org
6041,easton09@example.net
6180,kellie16@example.com
6288,halle.howell@example.org
6307,ywyman@example.com
6473,abel94@example.org
6742,loyal60@example.org
6752,marguerite11@example.com
6799,amy.spinka@example.org
6876,rhoda90@example.net
6906,jed75@example.com
6968,muller.reba@example.com
7104,mohr.ines@example.org
7118,aufderhar.maximilian@example.org
7349,tyree11@example.org
7407,aurelia.monahan@example.org
7465,jordy.barrows@example.com
7591,ilene.macejkovic@example.net
7635,herminia.kub@example.org
7831,cruz.bergstrom@example.org
7840,bennie08@example.net
7943,rkreiger@example.org
8081,cielo.armstrong@example.com
8130,justyn.bogan@example.net
8249,santiago.hand@example.org
8421,gleichner.lavonne@example.org
9187,ashly94@example.com
9388,zbaumbach@example.com
9481,ernestina.paucek@example.net
9581,ebert.steve@example.org
