user_id,password
1043,Corruptiipsadolorumipsumadipiscihicquia
1109,Auteossuscipitmaximeautdoloribusexpedit
1110,Evenietdoloreteneturetquocorruptiodit.
1140,Placeateosfugailloquaeautemvel.
1188,Consequaturquameavelvoluptatesharumbeat
1322,Laboredolorquianatusnamquisquamtotamut
1394,Excepturialiquametdolorumeosdelectusips
1568,Exomnisvelidquosnihileligendiodioqui
1630,Nulladoloremexplicaboquiveritatisexercit
1690,Distinctioinventoreearumiureperspiciatis
1754,Quisnihiletrepellendushicillotenetures
2081,Voluptasquisiuredoloresaliasmolestiaequ
2115,Doloremsapientemagnamvoluptatumliberoat
2137,Perferendisdolormaioresvoluptatemquamani
2160,Eumcumqueomnisaccusantiumsitvoluptateso
2288,Remrecusandaeliberoomnisatnihilfuga.
2362,Architectoutperspiciatiseaquequolaudanti
2427,Molestiaequiatemporeexpeditadolorumexex
2540,Quiharumtotamfugiatimpeditiurequobeata
2636,Dictadoloremetquinonreiciendisamaiores
2727,Utatquererumiurevoluptatemmollitiaetre
2961,Laboreautiustoinventoremolestiaereprehen
3025,Exercitationemesseamolestiaevoluptatessi
3050,Voluptatemliberoetquibusdamipsamaspernat
3275,Quibusdamnecessitatibusvitaeundequierror
3338,Doloretcumqueundesitnamvoluptasfugiat.
3429,Culpaetsedvoluptatematmollitiavelit.
3431,Estistequoestetvoluptateaccusamusexvo
3460,Involuptasutreprehenderitasperioresadqu
3786,Saepehiccumtemporetemporibusdistinctioi
3804,Impeditquisoditillumadipiscinullaestre
3866,Atqueestrerumvoluptasdelenitivoluptatem
3949,Estnamarchitectosintoditetrem.
3984,Sedquaesuntillumdignissimosuterroranim
4052,Culpaidiustooccaecatireiciendisfacilisc
4086,Voluptatumessequaeraterroriustonammoles
4122,Commodiminimaomnisblanditiisnecessitatibu
4212,Numquamquiomnisetsedverocommodimodiut
4230,Eumveromollitiaetquosvoluptatemnonnemo
4309,Aliassednobissuntexmagnamautnullanon
4368,Quasiautemrationequibusdamnesciuntquaera
4382,Exercitationemomnisomnisutteneturbeatae
4407,Dolorumsuntvelitharumomnisquasieapraes
4554,Molestiaenihilimpeditquiconsequaturdeser
4749,Iustoearumodioistelaboremaximealiquid.
4773,Sediureetdolorumnihilquiavoluptasvolup
4817,Velveniamnullaiddoloribusisteprovident.
4904,Isteculpaetodiomagnamperferendisiustoc
5148,Perferendisnatusquaeratautsuscipitexerci
5236,Estipsumeiusdoloreaqueaccusamusetexqu
5306,Uteiusrecusandaenequevoluptatesodioaliq
5510,Voluptasducimustemporibussuntutnatusrep
5612,Inventorereprehenderitevenietrerumvolupta
5636,Molestiasnamaliquidomniseossitoptiopra
5694,Distinctioullamvoluptatemvoluptatibusvero
5746,Eumexautconsequatureiusconsequaturnonm
5797,Quisabvoluptateanimieumdoloreconsectetu
5870,Earumtemporatemporibusaliquamexquiutet
5894,Saepequinumquamquiaautdoloribusvoluptat
5961,Inventoreaspernaturquiveritatisetrepudia
5993,Doloresconsequaturporrodoloresiustomoles
6107,Liberoquiadipisciipsumquisaepeexcepturi
6169,Inventorevoluptatibusautmaximesolutacorr
6202,Etetcumautemestducimustemporaquorepel
6283,Reprehenderitperspiciatisquiaquasiminima
6344,Utveniamsolutautipsamvitaeofficiainim
6357,Eteosdelenitiprovidentexplicaboveritatis
6662,Temporeeosenimsitremquisadipisciminima
6786,Autmolestiaeullamporroabesteuminperfe
6901,Estquidemreiciendisnihilaliquammolestias
6948,Itaquevelarchitectodoloresmolestiaequia
6958,Facereaperiamvitaevelitaccusantiumfugiat
7187,Reprehenderitetmolestiaepraesentiumconseq
7474,Nemoblanditiisoptiorerumnonautetomnis
7540,Utofficiismollitiasuntaperiamdolordebit
7707,Delectusetvoluptassuntvoluptasdoloresil
7802,Impeditidveniamautemquiinventoreeaeius
7951,Innesciuntoditvoluptassiteaquedictavel
8055,Solutasaepequirerumvoluptatemreruminmi
8097,Nondolorcorporismodisintminusnon.
8102,Etlaudantiumvoluptatemearumdoloremautoc
8183,Voluptateetmodideseruntautinventoremodi
8424,Doloreoccaecatiutsapientealiquidipsamne
8501,Molestiaeexercitationemautemdolorumquidi
8554,Voluptatumvoluptasinciduntautducimuslabo
8743,Magnametabquianihilliberorerumconsecte
8750,Maioreseligendiconsequaturmollitiadebitis
8779,Nemofacilisrepellendusinventoreadeligend
8811,Deseruntaspernaturautnihilmodinoneaque
8930,Molestiaeutquaeratipsampraesentiumoccaec
8959,Aliasvoluptatumaspernaturveniamdolorumla
9048,Aspernaturaccusantiumlaboreminimacorrupti
9229,Consequaturrerummolestiaequiofficiasunt
9438,Nonrepellendusautmaioresdoloretsaepene
9652,Nonrerumhicexcepturiaspernaturvoluptatem
9673,Sitistefugaoditquaerateosutadipiscive
9706,Suntquamfugaevenietsedoptiomaioreset.
9756,Quiaverofacerepariaturcorruptiinutdict
9924,Deseruntutbeataeullamnihilinventoreculp
9943,Temporibusillumdoloretemporibusquodexerc
