policyNO,receiptNO
10000,Abquodignissimosdistinctioenimdolor
10000,Aliquamfugadoloribusrepudiandaemaior
10000,Autporroperferendissuntarchitectoqu
10000,Consequaturetnatusliberonobis.
10000,Enimdoloremnumquamiustoestnamquibu
10000,Facerequaequietdoloremcumsunt.
10000,Itaquedebitissedneque.
10000,Nihilassumendacorrupticorporiscum.
10000,Omnisconsecteturquodinciduntvel.
10000,Quipossimusremevenietmaximecorrupti
10000,Quidemrepellatdelectusfugaeos.
10000,Sintremrepellatsitrationeconsectetu
10000,Velestullamquos.
10001,Absequinihildelectusadnihil.
10001,Aperiamidnemoautanimidebitis.
10001,Autquialaudantiumnatusrepellendusqu
10001,Consequuntursequiteneturaccusamusdes
10001,Estcommodiasperioressitsuscipitvolu
10001,Facerevitaererummollitiacommodi.
10001,Laboriosamundeipsumrepudiandaecupidi
10001,Nihilinciduntfugaea.
10001,Optioodiorepudiandaeomnissedratione
10001,Quiquasinonetautut.
10001,Quisquassitquivoluptateet.
10001,Sitveropraesentiumpariaturdebitis.
10001,Velquaeratperspiciatissapiente.
10002,Accusamusdoloremqueadetdeleniti.
10002,Assumendainventoreexercitationemesta
10002,Autemetsapienteeavoluptasetprovide
10002,Cumqueametvoluptatealiasillo.
10002,Estutlaborevelrepudiandae.
10002,Fugafacilisestaccusantiummagniminim
10002,Minimaatetipsa.
10002,Nisiperferendisiurequodeseruntminus
10002,Optiosedoccaecatiquaeratvel.
10002,Quiquasiquiadoloresdelenitivoluptat
10002,Remquianullaut.
10002,Solutaperferendisquisnecessitatibusa
10002,Veniamaliasconsequaturitaquesapiente
10003,Accusantiumfugitvelitetestquiavolu
10003,Assumendaminimainciduntsit.
10003,Autemmolestiasabquiest.
10003,Dignissimosminusautemaututpraesenti
10003,Etaliasrerumvoluptasaliquamsuscipit
10003,Idillositdoloresquaesimilique.
10003,Minusutdolorenobisinciduntest.
10003,Nisiquamarchitectodolorveldeleniti.
10003,Porroveroquiitaqueasperioresvolupta
10003,Quianonliberoomniserror.
10003,Reprehenderitnisirepellenduslaudantiu
10003,Tenetursitquiaquaeratfugablanditiis
10003,Veritatisetexpeditaindoloribussapie
10004,Adabutautetutexplicaboplaceat.
10004,Atanimiautdoloresin.
10004,Autemvoluptasquicommodirepudiandaee
10004,Dolorprovidentdignissimosnumquamaute
10004,Etestperferendisofficiavelit.
10004,Inremiureilloutsolutautvoluptatib
10004,Nequemaioresaliquidsuscipitodioiust
10004,Nonutquiautvoluptatem.
10004,Providentnonadetcum.
10004,Quibusdamconsequaturipsaaccusantiumv
10004,Rerumametquirerumvelitnemo.
10004,Undemagniquidemsinttempore.
10004,Voluptasmagniexplicabovelitrepudiand
10005,Adestmaximeveritatisexplicaboquidem
10005,Autoccaecativoluptatemutmolestiasco
10005,Consecteturdolornullamaximevoluptate
10005,Doloremtotameligendirepellatcum.
10005,Eumquibusdamestvitaeexcepturi.
10005,Ipsamconsequaturaccusamusutaut.
10005,Nequeveroestexpedita.
10005,Odioquiautdebitisquod.
10005,Quicommodiutexercitationemmagnam.
10005,Quibusdampossimusminusarchitectomodi
10005,Rerumestveltenetursedut.
10005,Undeutipsumsitfacilisquisquamconse
10005,Voluptatemvelitmolestiaseaest.
10006,Adfugitducimusconsecteturvoluptatem
10006,Autofficiiseumquialiquid.
10006,Consectetursapientefugatemporaabdig
10006,Eaqueveritatisnisiillummaioresquie
10006,Explicabonostrumvoluptatemomnisfuga.
10006,Istequisitquisquamdolorumperspiciat
10006,Nesciuntsuntdeseruntavoluptasdelect
10006,Oditrepellatmolestiaevelvoluptasnat
10006,Quiidfugautquaecorruptiqui.
10006,Quidemnullaporrodicta.
10006,Sapientecorrupticonsequatursintvelit
10006,Utexplicaboestutenimquam.
